id,first_name,last_name,mac_address,issue_date
s1404326303,Kandace,Wyett,4B-9C-6D-09-C0-C3,11/01/2017
s0852437381,Kellby,Grayshan,76-37-47-F0-2D-98,5/14/2018
s5332613405,Lula,Darnborough,51-7E-BA-E5-15-F6,8/09/2018
s0093188549,Nerti,Steely,66-CB-11-81-0F-70,12/05/2017
s3357087510,Christabel,Stairs,E4-24-1A-2F-FE-78,7/16/2018
s1465001145,Jock,Andersen,1F-10-70-EE-5F-C0,2/02/2018
s4820500644,Engelbert,Bowle,83-46-B0-61-42-86,8/07/2018
s4194397232,Lilah,Tedstone,AA-BC-69-71-D1-CE,4/04/2018
s5941264617,Ulrika,Covill,4A-4E-B7-FB-B7-91,12/25/2017
s3331004230,Jermaine,Darnody,02-BF-29-C5-BE-39,1/29/2018
s1003088789,Monte,Pipworth,5A-FA-FE-C4-C5-B5,6/30/2018
s6331464625,Sarge,Orrobin,A8-F4-F5-89-96-80,1/30/2018
s9707398539,Stavros,McCuish,6C-B8-65-76-B7-F6,9/05/2018
s0397195216,Nanine,Van Leijs,7F-44-30-6A-60-C3,4/20/2018
s1404326303,Kandace,Wyett,90-FF-D9-5A-A6-BB,1/20/2018
s0852437381,Kellby,Grayshan,E0-52-35-F7-B1-B5,3/27/2018
s5332613405,Lula,Darnborough,51-64-DE-7B-3B-D0,11/30/2017
s0093188549,Nerti,Steely,7C-B7-E5-A4-8A-0F,5/08/2018
s3357087510,Christabel,Stairs,EF-AE-63-31-A5-DB,12/03/2017
s1465001145,Jock,Andersen,C3-21-4C-DD-D8-41,8/20/2018
s4820500644,Engelbert,Bowle,90-5B-14-C3-70-79,5/03/2018
s4194397232,Lilah,Tedstone,57-2E-73-30-74-E3,5/16/2018
s5941264617,Ulrika,Covill,E4-C0-FD-60-43-C0,5/10/2018
s3331004230,Jermaine,Darnody,BB-53-87-81-BA-CC,6/22/2018
s1003088789,Monte,Pipworth,32-8C-2F-47-53-CD,11/09/2017
s6331464625,Sarge,Orrobin,49-F2-55-F8-6C-42,2/04/2018
s9707398539,Stavros,McCuish,8B-A0-E7-A0-22-10,12/07/2017
s0397195216,Nanine,Van Leijs,6F-62-C8-F0-21-A0,11/26/2017
s3592391473,Ricki,Silcocks,C2-C1-E0-27-B4-C2,10/17/2017
s1086110364,Hebert,Arlidge,89-B1-5B-E8-00-16,12/19/2017
s5201165866,Ramon,Farrens,90-73-1E-40-FE-B8,10/14/2017
s3838045291,Elicia,Brasher,1C-D6-99-A3-3B-23,11/10/2017
s9966328579,Jany,Alwin,45-0C-89-93-90-0B,9/14/2018
s1758199068,Regan,Pensom,C5-E3-2F-68-CE-2A,4/20/2018
s8115068985,Lynnelle,Bourke,AB-E9-0B-09-C0-C0,6/13/2018
s2277338179,Robena,Bloyes,16-7F-4A-FB-AD-DA,9/01/2018
s7108319011,Emile,Grantham,44-78-A7-40-21-3C,5/28/2018
s1132506736,Salli,Kovalski,E4-1C-B2-A6-73-8E,4/05/2018
s5948153426,Orazio,Ivanin,C0-E7-54-63-4B-42,2/04/2018
s7670147750,Hamnet,Want,EB-2A-14-AE-79-6D,2/18/2018
s3258892912,Wayne,Parley,80-BB-B7-B4-FA-BA,12/11/2017
s4194397232,Lilah,Tedstone,AB-C3-ED-DB-A9-73,6/22/2018
s5941264617,Ulrika,Covill,FE-E7-E2-2C-19-8C,6/04/2018
s3331004230,Jermaine,Darnody,E3-C7-99-62-81-57,2/10/2018
s1003088789,Monte,Pipworth,24-BA-4D-D5-0E-4C,2/18/2018
s6331464625,Sarge,Orrobin,B6-60-C8-14-7C-69,10/11/2017
s9707398539,Stavros,McCuish,B3-37-F5-83-73-C3,8/22/2018
,,,C8-4E-1C-E0-42-BF,
,,,46-45-72-CE-F3-A3,
,,,5E-49-56-5E-EC-9B,
